CookerStat, GenerateAssetRegistry=0.648428, Initialize=25.228701, RunGuid=RunIDAABC6BDC40704C6EBB41A4A9043F4A10
SavePackageTransactionId4D8A7CB24719BE185375E6AC0C67B839_0, Filename=../../../../../../Documents/repos/MechBattleProject/Saved/Autosaves/Game/Tank/Tank_BP_Auto1.uasset, AutoPackageBackupDelegate=245.749771, FlushAsyncLoading=0.014458, FlushStreamingFunc=0.036743, BlockTillAllRequestsFinished=0.034634, ResetLoadersForSaveUnMarkAllObjects=46.380424, TagPackageExports=4.632048, BeginCacheForCookedPlatformData=0.003915, SerializeImports=6.742373, GatherLocalizableTextData=23.929741, MarkNames=0.059631, SerializeSummary=0.475556, SerializeNames=0.231601, SerializeGatherableTextData=0.054512, BuildExportMap=0.717394, SortExportsNonSeekfree=0.660777, SortExportsSeekfreeConstructor=8.427438, SortExportsSeekfreeInner=9.798378, SortExportsSeekfree=0.010844, BuildDependencyMap=0.058729, SerializeImportMap=0.018071, SerializeExportMap=0.031020, SerializeDependencyMap=0.006624, SerializeStringAssetReferenceMap=0.003014, SaveThumbNailsAssetRegistryDataWorldLevelInfo=37.022659, SerializeExports=6.077982, SerializeBulkData=0.035539, MoveFile=19.578085, UnaccountedTime=1.411300, RunGuid=RunIDAABC6BDC40704C6EBB41A4A9043F4A10
SavePackageTransactionId4D8A7CB24719BE185375E6AC0C67B839_1, Filename=../../../../../../Documents/repos/MechBattleProject/Saved/Autosaves/Game/Tank/Tank_BP_Auto2.uasset, AutoPackageBackupDelegate=14.537346, FlushAsyncLoading=0.016864, FlushStreamingFunc=0.052404, BlockTillAllRequestsFinished=0.049993, ResetLoadersForSaveUnMarkAllObjects=0.292141, TagPackageExports=6.002691, BeginCacheForCookedPlatformData=0.008132, SerializeImports=5.758434, GatherLocalizableTextData=5.158804, MarkNames=0.059027, SerializeSummary=0.017166, SerializeNames=0.280995, SerializeGatherableTextData=0.058129, BuildExportMap=0.123180, SortExportsNonSeekfree=0.488501, SortExportsSeekfreeConstructor=0.087041, SortExportsSeekfreeInner=10.651604, SortExportsSeekfree=0.010241, BuildDependencyMap=0.079811, SerializeImportMap=0.016563, SerializeExportMap=0.040058, SerializeDependencyMap=0.006925, SerializeStringAssetReferenceMap=0.002109, SaveThumbNailsAssetRegistryDataWorldLevelInfo=7.475730, SerializeExports=6.682135, SerializeBulkData=0.013255, MoveFile=33.712158, UnaccountedTime=0.192750, RunGuid=RunIDAABC6BDC40704C6EBB41A4A9043F4A10
SavePackageTransactionId4D8A7CB24719BE185375E6AC0C67B839_2, Filename=../../../../../../Documents/repos/MechBattleProject/Saved/Autosaves/Game/Levels/BattleMechProjectWorld_Auto3.umap, AutoPackageBackupDelegate=100.587440, FlushAsyncLoading=0.014458, FlushStreamingFunc=0.062343, BlockTillAllRequestsFinished=0.008736, ResetLoadersForSaveUnMarkAllObjects=74.714821, TagPackageExports=2.902709, BeginCacheForCookedPlatformData=0.005119, SerializeImports=3.814664, GatherLocalizableTextData=40.885513, MarkNames=0.103302, SerializeSummary=0.020180, SerializeNames=0.478864, SerializeGatherableTextData=0.019275, BuildExportMap=0.298765, SortExportsNonSeekfree=1.247462, SortExportsSeekfreeConstructor=0.064753, SortExportsSeekfreeInner=34.337395, SortExportsSeekfree=0.006326, BuildDependencyMap=0.151191, SerializeImportMap=0.048790, SerializeExportMap=0.051804, SerializeDependencyMap=0.015963, SerializeStringAssetReferenceMap=0.002410, SaveThumbNailsAssetRegistryDataWorldLevelInfo=1.489300, SerializeExports=11.434958, SerializeBulkData=40.689144, MoveFile=3.944468, UnaccountedTime=0.189740, RunGuid=RunIDAABC6BDC40704C6EBB41A4A9043F4A10
DDCTransactionId566C14F6496530699DD00C97B5690179_0, PutCachedData=, CacheKey=PhysXPC_VIS_5DF9E1AAB7CC4DCCB2965BA1A78DFE8_2C31B365416091B284B98A9ECB5C275F, StartTime=2017.01.20-19.27.25, HierarchicalDDC=, DataSize=1126, Duration=2.587985, RunGuid=RunIDAABC6BDC40704C6EBB41A4A9043F4A10
DDCTransactionId631A4832404C99D303304896A0401755_0, PutCachedData=, CacheKey=PhysXPC_FULL_5DF9E1AAB7CC4DCCB2965BA1A78DFE8_2262F6E340653884372A95D45789B0EC, StartTime=2017.01.20-19.27.25, HierarchicalDDC=, DataSize=1126, Duration=2.594613, RunGuid=RunIDAABC6BDC40704C6EBB41A4A9043F4A10
DDCTransactionId7B76F2C4467101843C540A98735ED83B_0, PutCachedData=, CacheKey=PhysXPC_FULL_5DF9E1AAB7CC4DCCB2965BA1A78DFE8_65C0F423C4871B45FA54555A486B622B, StartTime=2017.01.20-19.27.25, HierarchicalDDC=, DataSize=1126, Duration=0.314426, RunGuid=RunIDAABC6BDC40704C6EBB41A4A9043F4A10
DDCTransactionId7B76F2C4467101843C540A98735ED83B_1, PutCachedData=, CacheKey=PhysXPC_VIS_5DF9E1AAB7CC4DCCB2965BA1A78DFE8_74C6724C449D388591C88F81E4A229C2, StartTime=2017.01.20-19.27.25, HierarchicalDDC=, DataSize=1126, Duration=0.145771, RunGuid=RunIDAABC6BDC40704C6EBB41A4A9043F4A10
DDCTransactionId7B76F2C4467101843C540A98735ED83B_2, PutCachedData=, CacheKey=PhysXPC_FULL_5DF9E1AAB7CC4DCCB2965BA1A78DFE8_8F2D5021448E57BF261E87BB5D8DBEDD, StartTime=2017.01.20-19.27.25, HierarchicalDDC=, DataSize=1126, Duration=2.017863, RunGuid=RunIDAABC6BDC40704C6EBB41A4A9043F4A10
DDCTransactionId631A4832404C99D303304896A0401755_1, PutCachedData=, CacheKey=PhysXPC_VIS_5DF9E1AAB7CC4DCCB2965BA1A78DFE8_AB02A64F4FC17CC4109C94A0B7A91F2C, StartTime=2017.01.20-19.27.25, HierarchicalDDC=, DataSize=1126, Duration=0.352975, RunGuid=RunIDAABC6BDC40704C6EBB41A4A9043F4A10
DDCTransactionId566C14F6496530699DD00C97B5690179_1, PutCachedData=, CacheKey=PhysXPC_FULL_5DF9E1AAB7CC4DCCB2965BA1A78DFE8_914A8908B6D78410A24B594BDE5BAF02, StartTime=2017.01.20-19.27.25, HierarchicalDDC=, DataSize=1126, Duration=0.312921, RunGuid=RunIDAABC6BDC40704C6EBB41A4A9043F4A10
DDCTransactionId7B76F2C4467101843C540A98735ED83B_3, PutCachedData=, CacheKey=PhysXPC_VIS_5DF9E1AAB7CC4DCCB2965BA1A78DFE8_E4F4DE02455215FC53CFBD898A1DA607, StartTime=2017.01.20-19.27.25, HierarchicalDDC=, DataSize=1126, Duration=0.492420, RunGuid=RunIDAABC6BDC40704C6EBB41A4A9043F4A10
DDCTransactionId566C14F6496530699DD00C97B5690179_2, PutCachedData=, CacheKey=PhysXPC_FULL_5DF9E1AAB7CC4DCCB2965BA1A78DFE8_3AB290B160B3299E44D2FFC05022E71F, StartTime=2017.01.20-19.27.25, HierarchicalDDC=, DataSize=1126, Duration=0.150286, RunGuid=RunIDAABC6BDC40704C6EBB41A4A9043F4A10
DDCTransactionId631A4832404C99D303304896A0401755_2, PutCachedData=, CacheKey=PhysXPC_VIS_5DF9E1AAB7CC4DCCB2965BA1A78DFE8_71FA338645F935F8123F1DB23F66A36E, StartTime=2017.01.20-19.27.25, HierarchicalDDC=, DataSize=1126, Duration=0.348158, RunGuid=RunIDAABC6BDC40704C6EBB41A4A9043F4A10
DDCTransactionId7B76F2C4467101843C540A98735ED83B_4, PutCachedData=, CacheKey=PhysXPC_FULL_5DF9E1AAB7CC4DCCB2965BA1A78DFE8_777FCF05566790334EC8E943D95880A2, StartTime=2017.01.20-19.27.25, HierarchicalDDC=, DataSize=1126, Duration=0.175282, RunGuid=RunIDAABC6BDC40704C6EBB41A4A9043F4A10
DDCTransactionId566C14F6496530699DD00C97B5690179_3, PutCachedData=, CacheKey=PhysXPC_VIS_5DF9E1AAB7CC4DCCB2965BA1A78DFE8_EF04433E43DAC0A1ED62CABA5ACDE255, StartTime=2017.01.20-19.27.25, HierarchicalDDC=, DataSize=1126, Duration=0.784557, RunGuid=RunIDAABC6BDC40704C6EBB41A4A9043F4A10
DDCTransactionId7B76F2C4467101843C540A98735ED83B_5, PutCachedData=, CacheKey=PhysXPC_FULL_5DF9E1AAB7CC4DCCB2965BA1A78DFE8_E947CC012882CCB9914796A3B450D93A, StartTime=2017.01.20-19.27.25, HierarchicalDDC=, DataSize=1126, Duration=0.411402, RunGuid=RunIDAABC6BDC40704C6EBB41A4A9043F4A10
DDCTransactionId631A4832404C99D303304896A0401755_3, PutCachedData=, CacheKey=PhysXPC_VIS_5DF9E1AAB7CC4DCCB2965BA1A78DFE8_65E63650426391E8E544998A64E577B6, StartTime=2017.01.20-19.27.25, HierarchicalDDC=, DataSize=1126, Duration=0.362311, RunGuid=RunIDAABC6BDC40704C6EBB41A4A9043F4A10
DDCTransactionId631A4832404C99D303304896A0401755_4, PutCachedData=, CacheKey=PhysXPC_FULL_5DF9E1AAB7CC4DCCB2965BA1A78DFE8_157B465C2106004899F997476B7102F8, StartTime=2017.01.20-19.27.25, HierarchicalDDC=, DataSize=1126, Duration=0.076801, RunGuid=RunIDAABC6BDC40704C6EBB41A4A9043F4A10
DDCTransactionId7B76F2C4467101843C540A98735ED83B_6, PutCachedData=, CacheKey=PhysXPC_VIS_5DF9E1AAB7CC4DCCB2965BA1A78DFE8_447F691F42456DEC6EAE20912C926E31, StartTime=2017.01.20-19.27.25, HierarchicalDDC=, DataSize=1126, Duration=0.117760, RunGuid=RunIDAABC6BDC40704C6EBB41A4A9043F4A10
DDCTransactionId631A4832404C99D303304896A0401755_5, PutCachedData=, CacheKey=PhysXPC_FULL_5DF9E1AAB7CC4DCCB2965BA1A78DFE8_7EAF25433FF9C894F3A8B60F53AF598A, StartTime=2017.01.20-19.27.25, HierarchicalDDC=, DataSize=1126, Duration=0.471938, RunGuid=RunIDAABC6BDC40704C6EBB41A4A9043F4A10
DDCTransactionId566C14F6496530699DD00C97B5690179_4, PutCachedData=, CacheKey=PhysXPC_VIS_5DF9E1AAB7CC4DCCB2965BA1A78DFE8_CCAFFE824E81CD0094F99DA0ED2AF867, StartTime=2017.01.20-19.27.25, HierarchicalDDC=, DataSize=1126, Duration=0.066560, RunGuid=RunIDAABC6BDC40704C6EBB41A4A9043F4A10
DDCTransactionId7B76F2C4467101843C540A98735ED83B_7, PutCachedData=, CacheKey=PhysXPC_FULL_5DF9E1AAB7CC4DCCB2965BA1A78DFE8_1CAF39A4D13A873D20CC6DC3D85654CB, StartTime=2017.01.20-19.27.25, HierarchicalDDC=, DataSize=1126, Duration=0.316534, RunGuid=RunIDAABC6BDC40704C6EBB41A4A9043F4A10
DDCTransactionId566C14F6496530699DD00C97B5690179_5, PutCachedData=, CacheKey=PhysXPC_VIS_5DF9E1AAB7CC4DCCB2965BA1A78DFE8_08C120C7405F597B6428B1B0EE96702C, StartTime=2017.01.20-19.27.25, HierarchicalDDC=, DataSize=1126, Duration=0.115950, RunGuid=RunIDAABC6BDC40704C6EBB41A4A9043F4A10
DDCTransactionId566C14F6496530699DD00C97B5690179_6, PutCachedData=, CacheKey=PhysXPC_FULL_5DF9E1AAB7CC4DCCB2965BA1A78DFE8_40224F692CEAC29710434931034DCAF5, StartTime=2017.01.20-19.27.25, HierarchicalDDC=, DataSize=1126, Duration=0.462301, RunGuid=RunIDAABC6BDC40704C6EBB41A4A9043F4A10
DDCTransactionId631A4832404C99D303304896A0401755_6, PutCachedData=, CacheKey=PhysXPC_VIS_5DF9E1AAB7CC4DCCB2965BA1A78DFE8_79AF1A9E4DAFAEA822E1F49199595402, StartTime=2017.01.20-19.27.25, HierarchicalDDC=, DataSize=1126, Duration=0.372551, RunGuid=RunIDAABC6BDC40704C6EBB41A4A9043F4A10
DDCTransactionId7B76F2C4467101843C540A98735ED83B_8, PutCachedData=, CacheKey=PhysXPC_FULL_5DF9E1AAB7CC4DCCB2965BA1A78DFE8_8CFF3B6AB78FFCEC788FE0631AA79D6F, StartTime=2017.01.20-19.27.25, HierarchicalDDC=, DataSize=1126, Duration=0.123482, RunGuid=RunIDAABC6BDC40704C6EBB41A4A9043F4A10
DDCTransactionId7B76F2C4467101843C540A98735ED83B_9, PutCachedData=, CacheKey=PhysXPC_VIS_5DF9E1AAB7CC4DCCB2965BA1A78DFE8_4C04E3DE4F2D87CACA4475BC81DCDD2F, StartTime=2017.01.20-19.27.25, HierarchicalDDC=, DataSize=1126, Duration=0.293043, RunGuid=RunIDAABC6BDC40704C6EBB41A4A9043F4A10
DDCTransactionId566C14F6496530699DD00C97B5690179_7, PutCachedData=, CacheKey=PhysXPC_FULL_5DF9E1AAB7CC4DCCB2965BA1A78DFE8_BFA9099504530FAF756532834615E811, StartTime=2017.01.20-19.27.25, HierarchicalDDC=, DataSize=1126, Duration=0.072580, RunGuid=RunIDAABC6BDC40704C6EBB41A4A9043F4A10
DDCTransactionId631A4832404C99D303304896A0401755_7, PutCachedData=, CacheKey=PhysXPC_VIS_5DF9E1AAB7CC4DCCB2965BA1A78DFE8_2D9CAFC54D393C54D0D85596DA568E09, StartTime=2017.01.20-19.27.25, HierarchicalDDC=, DataSize=1126, Duration=0.077702, RunGuid=RunIDAABC6BDC40704C6EBB41A4A9043F4A10
DDCTransactionId7B76F2C4467101843C540A98735ED83B_10, PutCachedData=, CacheKey=PhysXPC_FULL_5DF9E1AAB7CC4DCCB2965BA1A78DFE8_3ED17E414389E5258E9854324C7CEAE3, StartTime=2017.01.20-19.27.25, HierarchicalDDC=, DataSize=1126, Duration=0.453267, RunGuid=RunIDAABC6BDC40704C6EBB41A4A9043F4A10
DDCTransactionId566C14F6496530699DD00C97B5690179_8, PutCachedData=, CacheKey=PhysXPC_VIS_5DF9E1AAB7CC4DCCB2965BA1A78DFE8_FC2D325D4DCE8B4B9BA0FB9D7D01EC39, StartTime=2017.01.20-19.27.25, HierarchicalDDC=, DataSize=1126, Duration=0.431582, RunGuid=RunIDAABC6BDC40704C6EBB41A4A9043F4A10
DDCTransactionId631A4832404C99D303304896A0401755_8, PutCachedData=, CacheKey=PhysXPC_FULL_5DF9E1AAB7CC4DCCB2965BA1A78DFE8_335CD6CDEF5C17188E4ACB7B6F6EF530, StartTime=2017.01.20-19.27.25, HierarchicalDDC=, DataSize=1126, Duration=0.431281, RunGuid=RunIDAABC6BDC40704C6EBB41A4A9043F4A10
DDCTransactionId566C14F6496530699DD00C97B5690179_9, PutCachedData=, CacheKey=PhysXPC_VIS_5DF9E1AAB7CC4DCCB2965BA1A78DFE8_EA3C0AD84D7F6F1AC9E5188E15788C5C, StartTime=2017.01.20-19.27.25, HierarchicalDDC=, DataSize=1126, Duration=0.097279, RunGuid=RunIDAABC6BDC40704C6EBB41A4A9043F4A10
DDCTransactionId7B76F2C4467101843C540A98735ED83B_11, PutCachedData=, CacheKey=PhysXPC_FULL_5DF9E1AAB7CC4DCCB2965BA1A78DFE8_CC3AB5472C2C30FEBE342CCE8E71D078, StartTime=2017.01.20-19.27.25, HierarchicalDDC=, DataSize=1126, Duration=0.083126, RunGuid=RunIDAABC6BDC40704C6EBB41A4A9043F4A10
DDCTransactionId631A4832404C99D303304896A0401755_9, PutCachedData=, CacheKey=PhysXPC_VIS_5DF9E1AAB7CC4DCCB2965BA1A78DFE8_4E0236394BD71C47EE280395AC27DD37, StartTime=2017.01.20-19.27.25, HierarchicalDDC=, DataSize=1126, Duration=0.303883, RunGuid=RunIDAABC6BDC40704C6EBB41A4A9043F4A10
DDCTransactionId7B76F2C4467101843C540A98735ED83B_12, PutCachedData=, CacheKey=PhysXPC_FULL_5DF9E1AAB7CC4DCCB2965BA1A78DFE8_A522C2DCE721DDE04859A04FDD01C97D, StartTime=2017.01.20-19.27.25, HierarchicalDDC=, DataSize=1126, Duration=0.321053, RunGuid=RunIDAABC6BDC40704C6EBB41A4A9043F4A10
DDCTransactionId566C14F6496530699DD00C97B5690179_10, PutCachedData=, CacheKey=PhysXPC_VIS_5DF9E1AAB7CC4DCCB2965BA1A78DFE8_CD45AC814289322BCDC76AAC508DF2F8, StartTime=2017.01.20-19.27.25, HierarchicalDDC=, DataSize=1126, Duration=0.323761, RunGuid=RunIDAABC6BDC40704C6EBB41A4A9043F4A10
DDCTransactionId631A4832404C99D303304896A0401755_10, PutCachedData=, CacheKey=PhysXPC_FULL_5DF9E1AAB7CC4DCCB2965BA1A78DFE8_84ACB46FD9E46E27215B9678C19DA115, StartTime=2017.01.20-19.27.25, HierarchicalDDC=, DataSize=1126, Duration=0.102401, RunGuid=RunIDAABC6BDC40704C6EBB41A4A9043F4A10
DDCTransactionId7B76F2C4467101843C540A98735ED83B_13, PutCachedData=, CacheKey=PhysXPC_VIS_5DF9E1AAB7CC4DCCB2965BA1A78DFE8_B53BED014E8DB0F664E1F99923A5C36B, StartTime=2017.01.20-19.27.25, HierarchicalDDC=, DataSize=1126, Duration=0.109326, RunGuid=RunIDAABC6BDC40704C6EBB41A4A9043F4A10
DDCTransactionId631A4832404C99D303304896A0401755_11, PutCachedData=, CacheKey=PhysXPC_FULL_5DF9E1AAB7CC4DCCB2965BA1A78DFE8_B9467913DF070F6C88551D300D3B66ED, StartTime=2017.01.20-19.27.25, HierarchicalDDC=, DataSize=1126, Duration=0.121973, RunGuid=RunIDAABC6BDC40704C6EBB41A4A9043F4A10
DDCTransactionId566C14F6496530699DD00C97B5690179_11, PutCachedData=, CacheKey=PhysXPC_VIS_5DF9E1AAB7CC4DCCB2965BA1A78DFE8_F5C672F144CCABE810069093D6A1A064, StartTime=2017.01.20-19.27.25, HierarchicalDDC=, DataSize=1126, Duration=0.463806, RunGuid=RunIDAABC6BDC40704C6EBB41A4A9043F4A10
DDCTransactionId7B76F2C4467101843C540A98735ED83B_14, PutCachedData=, CacheKey=PhysXPC_FULL_5DF9E1AAB7CC4DCCB2965BA1A78DFE8_B2B8269F7C394950FD4CAD575DCD7ED5, StartTime=2017.01.20-19.27.25, HierarchicalDDC=, DataSize=1126, Duration=0.085231, RunGuid=RunIDAABC6BDC40704C6EBB41A4A9043F4A10
DDCTransactionId631A4832404C99D303304896A0401755_12, PutCachedData=, CacheKey=PhysXPC_VIS_5DF9E1AAB7CC4DCCB2965BA1A78DFE8_4DD3D09E456E44E3E81CADBBF63C8941, StartTime=2017.01.20-19.27.25, HierarchicalDDC=, DataSize=1126, Duration=0.291537, RunGuid=RunIDAABC6BDC40704C6EBB41A4A9043F4A10
DDCTransactionId7B76F2C4467101843C540A98735ED83B_15, PutCachedData=, CacheKey=PhysXPC_FULL_5DF9E1AAB7CC4DCCB2965BA1A78DFE8_4D0AC73C196D9207089FF7C8E6F32231, StartTime=2017.01.20-19.27.25, HierarchicalDDC=, DataSize=1126, Duration=0.171065, RunGuid=RunIDAABC6BDC40704C6EBB41A4A9043F4A10
DDCTransactionId631A4832404C99D303304896A0401755_13, PutCachedData=, CacheKey=PhysXPC_VIS_5DF9E1AAB7CC4DCCB2965BA1A78DFE8_84D0F6564AB86C3E60FD689BA1DF0E93, StartTime=2017.01.20-19.27.25, HierarchicalDDC=, DataSize=1126, Duration=0.071678, RunGuid=RunIDAABC6BDC40704C6EBB41A4A9043F4A10
DDCTransactionId566C14F6496530699DD00C97B5690179_12, PutCachedData=, CacheKey=PhysXPC_FULL_5DF9E1AAB7CC4DCCB2965BA1A78DFE8_716EA3B29A5AFE810B3C5E7BD818FF01, StartTime=2017.01.20-19.27.25, HierarchicalDDC=, DataSize=1126, Duration=0.071980, RunGuid=RunIDAABC6BDC40704C6EBB41A4A9043F4A10
DDCTransactionId7B76F2C4467101843C540A98735ED83B_16, PutCachedData=, CacheKey=PhysXPC_VIS_5DF9E1AAB7CC4DCCB2965BA1A78DFE8_1A6096454CB2959213CB849357EF6CD7, StartTime=2017.01.20-19.27.25, HierarchicalDDC=, DataSize=1126, Duration=0.288825, RunGuid=RunIDAABC6BDC40704C6EBB41A4A9043F4A10
DDCTransactionId631A4832404C99D303304896A0401755_14, PutCachedData=, CacheKey=PhysXPC_FULL_5DF9E1AAB7CC4DCCB2965BA1A78DFE8_9B3618D2073C10265086DF5B4FFB51CD, StartTime=2017.01.20-19.27.25, HierarchicalDDC=, DataSize=1126, Duration=0.111736, RunGuid=RunIDAABC6BDC40704C6EBB41A4A9043F4A10
DDCTransactionId566C14F6496530699DD00C97B5690179_13, PutCachedData=, CacheKey=PhysXPC_VIS_5DF9E1AAB7CC4DCCB2965BA1A78DFE8_C949FD1B442B7121BA7698978C062F9F, StartTime=2017.01.20-19.27.25, HierarchicalDDC=, DataSize=1126, Duration=0.131007, RunGuid=RunIDAABC6BDC40704C6EBB41A4A9043F4A10
DDCTransactionId631A4832404C99D303304896A0401755_15, PutCachedData=, CacheKey=PhysXPC_FULL_5DF9E1AAB7CC4DCCB2965BA1A78DFE8_28E43B819DB87B51BF5D37B7FDA0EF15, StartTime=2017.01.20-19.27.25, HierarchicalDDC=, DataSize=1126, Duration=0.429474, RunGuid=RunIDAABC6BDC40704C6EBB41A4A9043F4A10
DDCTransactionId566C14F6496530699DD00C97B5690179_14, PutCachedData=, CacheKey=PhysXPC_VIS_5DF9E1AAB7CC4DCCB2965BA1A78DFE8_0DEEA4A7418D41A752AC4D9E7BA6EF37, StartTime=2017.01.20-19.27.25, HierarchicalDDC=, DataSize=1126, Duration=0.384901, RunGuid=RunIDAABC6BDC40704C6EBB41A4A9043F4A10
DDCTransactionId7B76F2C4467101843C540A98735ED83B_17, PutCachedData=, CacheKey=PhysXPC_FULL_5DF9E1AAB7CC4DCCB2965BA1A78DFE8_CE124304FB733C45182B73886BEE19F8, StartTime=2017.01.20-19.27.25, HierarchicalDDC=, DataSize=1126, Duration=0.311114, RunGuid=RunIDAABC6BDC40704C6EBB41A4A9043F4A10
DDCTransactionId566C14F6496530699DD00C97B5690179_15, PutCachedData=, CacheKey=PhysXPC_VIS_5DF9E1AAB7CC4DCCB2965BA1A78DFE8_A7C3547245AD149DE0E604ABC3E3B468, StartTime=2017.01.20-19.27.25, HierarchicalDDC=, DataSize=1126, Duration=0.471033, RunGuid=RunIDAABC6BDC40704C6EBB41A4A9043F4A10
DDCTransactionId7B76F2C4467101843C540A98735ED83B_18, PutCachedData=, CacheKey=PhysXPC_FULL_5DF9E1AAB7CC4DCCB2965BA1A78DFE8_2A1474A86E4E4F17DA341B6764056512, StartTime=2017.01.20-19.27.25, HierarchicalDDC=, DataSize=1126, Duration=0.090051, RunGuid=RunIDAABC6BDC40704C6EBB41A4A9043F4A10
DDCTransactionId631A4832404C99D303304896A0401755_16, PutCachedData=, CacheKey=PhysXPC_VIS_5DF9E1AAB7CC4DCCB2965BA1A78DFE8_CA6B7AF14B9692C6F43E449CDFC0F865, StartTime=2017.01.20-19.27.25, HierarchicalDDC=, DataSize=1126, Duration=0.156611, RunGuid=RunIDAABC6BDC40704C6EBB41A4A9043F4A10
DDCTransactionId7B76F2C4467101843C540A98735ED83B_19, PutCachedData=, CacheKey=PhysXPC_FULL_5DF9E1AAB7CC4DCCB2965BA1A78DFE8_4A613FC6C2D50DD037CAAA5C5A807820, StartTime=2017.01.20-19.27.25, HierarchicalDDC=, DataSize=1126, Duration=0.334904, RunGuid=RunIDAABC6BDC40704C6EBB41A4A9043F4A10
DDCTransactionId631A4832404C99D303304896A0401755_17, PutCachedData=, CacheKey=PhysXPC_VIS_5DF9E1AAB7CC4DCCB2965BA1A78DFE8_6C2E7036415A589C4956A7AC072E7917, StartTime=2017.01.20-19.27.25, HierarchicalDDC=, DataSize=1126, Duration=0.285212, RunGuid=RunIDAABC6BDC40704C6EBB41A4A9043F4A10
DDCTransactionId566C14F6496530699DD00C97B5690179_16, PutCachedData=, CacheKey=PhysXPC_FULL_5DF9E1AAB7CC4DCCB2965BA1A78DFE8_591240DEBE3E08751966221D7AD63A16, StartTime=2017.01.20-19.27.25, HierarchicalDDC=, DataSize=1126, Duration=0.255093, RunGuid=RunIDAABC6BDC40704C6EBB41A4A9043F4A10
DDCTransactionId7B76F2C4467101843C540A98735ED83B_20, PutCachedData=, CacheKey=PhysXPC_VIS_5DF9E1AAB7CC4DCCB2965BA1A78DFE8_0FF7799E45846EBBC4F77A9B4042B960, StartTime=2017.01.20-19.27.25, HierarchicalDDC=, DataSize=1126, Duration=0.246663, RunGuid=RunIDAABC6BDC40704C6EBB41A4A9043F4A10
DDCTransactionId631A4832404C99D303304896A0401755_18, PutCachedData=, CacheKey=PhysXPC_FULL_5DF9E1AAB7CC4DCCB2965BA1A78DFE8_8F511E79A85CFAC5103704BD5C8AA21E, StartTime=2017.01.20-19.27.25, HierarchicalDDC=, DataSize=1126, Duration=0.073787, RunGuid=RunIDAABC6BDC40704C6EBB41A4A9043F4A10
DDCTransactionId631A4832404C99D303304896A0401755_19, PutCachedData=, CacheKey=PhysXPC_VIS_5DF9E1AAB7CC4DCCB2965BA1A78DFE8_2F66654843990943C00C66885C956909, StartTime=2017.01.20-19.27.25, HierarchicalDDC=, DataSize=1126, Duration=0.084933, RunGuid=RunIDAABC6BDC40704C6EBB41A4A9043F4A10
DDCTransactionId631A4832404C99D303304896A0401755_20, PutCachedData=, CacheKey=PhysXPC_FULL_5DF9E1AAB7CC4DCCB2965BA1A78DFE8_F4C416C7A3A93A2ED77A2498EEB5CDF4, StartTime=2017.01.20-19.27.25, HierarchicalDDC=, DataSize=1126, Duration=0.399657, RunGuid=RunIDAABC6BDC40704C6EBB41A4A9043F4A10
DDCTransactionId566C14F6496530699DD00C97B5690179_17, PutCachedData=, CacheKey=PhysXPC_VIS_5DF9E1AAB7CC4DCCB2965BA1A78DFE8_F0BC9495485399F6775AD994670CE0FC, StartTime=2017.01.20-19.27.25, HierarchicalDDC=, DataSize=1126, Duration=0.366226, RunGuid=RunIDAABC6BDC40704C6EBB41A4A9043F4A10
DDCTransactionId7B76F2C4467101843C540A98735ED83B_21, PutCachedData=, CacheKey=PhysXPC_FULL_5DF9E1AAB7CC4DCCB2965BA1A78DFE8_6E239FE5C92CBB20F4C65E2FA40B5D37, StartTime=2017.01.20-19.27.25, HierarchicalDDC=, DataSize=1126, Duration=0.081014, RunGuid=RunIDAABC6BDC40704C6EBB41A4A9043F4A10
DDCTransactionId7B76F2C4467101843C540A98735ED83B_22, PutCachedData=, CacheKey=PhysXPC_VIS_5DF9E1AAB7CC4DCCB2965BA1A78DFE8_25FE5939443E1F308B66EDA84B579A1D, StartTime=2017.01.20-19.27.25, HierarchicalDDC=, DataSize=1126, Duration=0.248767, RunGuid=RunIDAABC6BDC40704C6EBB41A4A9043F4A10
DDCTransactionId566C14F6496530699DD00C97B5690179_18, PutCachedData=, CacheKey=PhysXPC_FULL_5DF9E1AAB7CC4DCCB2965BA1A78DFE8_2BA63EE03B4E598CD98821E2AFD7DD6D, StartTime=2017.01.20-19.27.25, HierarchicalDDC=, DataSize=1126, Duration=0.260517, RunGuid=RunIDAABC6BDC40704C6EBB41A4A9043F4A10
DDCTransactionId7B76F2C4467101843C540A98735ED83B_23, PutCachedData=, CacheKey=PhysXPC_VIS_5DF9E1AAB7CC4DCCB2965BA1A78DFE8_DCF5F1694BBE7ED62D4D72A3FB8BDDDC, StartTime=2017.01.20-19.27.25, HierarchicalDDC=, DataSize=1126, Duration=0.257503, RunGuid=RunIDAABC6BDC40704C6EBB41A4A9043F4A10
DDCTransactionId631A4832404C99D303304896A0401755_21, PutCachedData=, CacheKey=PhysXPC_FULL_5DF9E1AAB7CC4DCCB2965BA1A78DFE8_B120643954E71040CE36B1C6B42F0891, StartTime=2017.01.20-19.27.25, HierarchicalDDC=, DataSize=1126, Duration=0.079811, RunGuid=RunIDAABC6BDC40704C6EBB41A4A9043F4A10
DDCTransactionId631A4832404C99D303304896A0401755_22, PutCachedData=, CacheKey=PhysXPC_VIS_5DF9E1AAB7CC4DCCB2965BA1A78DFE8_C71FBF2B409CBA29576A16962158EB20, StartTime=2017.01.20-19.27.25, HierarchicalDDC=, DataSize=1126, Duration=0.066262, RunGuid=RunIDAABC6BDC40704C6EBB41A4A9043F4A10
DDCTransactionId631A4832404C99D303304896A0401755_23, PutCachedData=, CacheKey=PhysXPC_FULL_5DF9E1AAB7CC4DCCB2965BA1A78DFE8_A05840520A0FED85E724D642D2492C64, StartTime=2017.01.20-19.27.25, HierarchicalDDC=, DataSize=1126, Duration=0.090655, RunGuid=RunIDAABC6BDC40704C6EBB41A4A9043F4A10
DDCTransactionId566C14F6496530699DD00C97B5690179_19, PutCachedData=, CacheKey=PhysXPC_VIS_5DF9E1AAB7CC4DCCB2965BA1A78DFE8_AF9E0B494293427EA03CC5B6B5B1A7A0, StartTime=2017.01.20-19.27.25, HierarchicalDDC=, DataSize=1126, Duration=0.070173, RunGuid=RunIDAABC6BDC40704C6EBB41A4A9043F4A10
DDCTransactionId7B76F2C4467101843C540A98735ED83B_24, PutCachedData=, CacheKey=PhysXPC_FULL_5DF9E1AAB7CC4DCCB2965BA1A78DFE8_D059C94543F564200D72AD5D7BF0BCC5, StartTime=2017.01.20-19.27.25, HierarchicalDDC=, DataSize=1126, Duration=0.101797, RunGuid=RunIDAABC6BDC40704C6EBB41A4A9043F4A10
DDCTransactionId631A4832404C99D303304896A0401755_24, PutCachedData=, CacheKey=PhysXPC_VIS_5DF9E1AAB7CC4DCCB2965BA1A78DFE8_04D5D40E434F262D92998897301A2CB8, StartTime=2017.01.20-19.27.25, HierarchicalDDC=, DataSize=1126, Duration=0.077099, RunGuid=RunIDAABC6BDC40704C6EBB41A4A9043F4A10
DDCTransactionId566C14F6496530699DD00C97B5690179_20, PutCachedData=, CacheKey=PhysXPC_FULL_5DF9E1AAB7CC4DCCB2965BA1A78DFE8_F6593873E16DD5B4D372F767851A10DC, StartTime=2017.01.20-19.27.25, HierarchicalDDC=, DataSize=1126, Duration=0.315029, RunGuid=RunIDAABC6BDC40704C6EBB41A4A9043F4A10
DDCTransactionId7B76F2C4467101843C540A98735ED83B_25, PutCachedData=, CacheKey=PhysXPC_VIS_5DF9E1AAB7CC4DCCB2965BA1A78DFE8_C3ACAAC74BE95ECF9F7B87A5854857F7, StartTime=2017.01.20-19.27.25, HierarchicalDDC=, DataSize=1126, Duration=0.065956, RunGuid=RunIDAABC6BDC40704C6EBB41A4A9043F4A10
DDCTransactionId631A4832404C99D303304896A0401755_25, PutCachedData=, CacheKey=PhysXPC_FULL_5DF9E1AAB7CC4DCCB2965BA1A78DFE8_D918E033E60B5792397DE9C84ECD81D0, StartTime=2017.01.20-19.27.25, HierarchicalDDC=, DataSize=1126, Duration=0.243951, RunGuid=RunIDAABC6BDC40704C6EBB41A4A9043F4A10
DDCTransactionId7B76F2C4467101843C540A98735ED83B_26, PutCachedData=, CacheKey=PhysXPC_VIS_5DF9E1AAB7CC4DCCB2965BA1A78DFE8_6D30F3304E0506712EF906AC5CCB3031, StartTime=2017.01.20-19.27.25, HierarchicalDDC=, DataSize=1126, Duration=0.071980, RunGuid=RunIDAABC6BDC40704C6EBB41A4A9043F4A10
DDCTransactionId7B76F2C4467101843C540A98735ED83B_27, PutCachedData=, CacheKey=PhysXPC_FULL_5DF9E1AAB7CC4DCCB2965BA1A78DFE8_CB1BA0D39A7CEA4BAFF436479401617C, StartTime=2017.01.20-19.27.25, HierarchicalDDC=, DataSize=1126, Duration=0.265937, RunGuid=RunIDAABC6BDC40704C6EBB41A4A9043F4A10
DDCTransactionId566C14F6496530699DD00C97B5690179_21, PutCachedData=, CacheKey=PhysXPC_VIS_5DF9E1AAB7CC4DCCB2965BA1A78DFE8_94E9B13240C3FB5BA48D128E141ABC5A, StartTime=2017.01.20-19.27.25, HierarchicalDDC=, DataSize=1126, Duration=0.070475, RunGuid=RunIDAABC6BDC40704C6EBB41A4A9043F4A10
DDCTransactionId631A4832404C99D303304896A0401755_26, PutCachedData=, CacheKey=PhysXPC_FULL_5DF9E1AAB7CC4DCCB2965BA1A78DFE8_8DE6CDACF949774DE66B1084A3CF58F7, StartTime=2017.01.20-19.27.25, HierarchicalDDC=, DataSize=1126, Duration=0.110831, RunGuid=RunIDAABC6BDC40704C6EBB41A4A9043F4A10
DDCTransactionId566C14F6496530699DD00C97B5690179_22, PutCachedData=, CacheKey=PhysXPC_VIS_5DF9E1AAB7CC4DCCB2965BA1A78DFE8_2809D45C43C76F01AEF3A98DBA4E2388, StartTime=2017.01.20-19.27.25, HierarchicalDDC=, DataSize=1126, Duration=0.341833, RunGuid=RunIDAABC6BDC40704C6EBB41A4A9043F4A10
DDCTransactionId631A4832404C99D303304896A0401755_27, PutCachedData=, CacheKey=PhysXPC_FULL_5DF9E1AAB7CC4DCCB2965BA1A78DFE8_769B43B8A489A4840A1D63B64D50C61D, StartTime=2017.01.20-19.27.25, HierarchicalDDC=, DataSize=1126, Duration=0.068065, RunGuid=RunIDAABC6BDC40704C6EBB41A4A9043F4A10
DDCTransactionId7B76F2C4467101843C540A98735ED83B_28, PutCachedData=, CacheKey=PhysXPC_VIS_5DF9E1AAB7CC4DCCB2965BA1A78DFE8_A133A7E84324237495A1D3A53B92B7F1, StartTime=2017.01.20-19.27.25, HierarchicalDDC=, DataSize=1126, Duration=0.243649, RunGuid=RunIDAABC6BDC40704C6EBB41A4A9043F4A10
DDCTransactionId631A4832404C99D303304896A0401755_28, PutCachedData=, CacheKey=PhysXPC_FULL_5DF9E1AAB7CC4DCCB2965BA1A78DFE8_CA3962797EC8561BB5B2D2B0E4AE25C1, StartTime=2017.01.20-19.27.25, HierarchicalDDC=, DataSize=1126, Duration=0.062943, RunGuid=RunIDAABC6BDC40704C6EBB41A4A9043F4A10
DDCTransactionId631A4832404C99D303304896A0401755_29, PutCachedData=, CacheKey=PhysXPC_VIS_5DF9E1AAB7CC4DCCB2965BA1A78DFE8_D4682EB6407CA134F545C899EF4F2DDD, StartTime=2017.01.20-19.27.25, HierarchicalDDC=, DataSize=1126, Duration=0.284910, RunGuid=RunIDAABC6BDC40704C6EBB41A4A9043F4A10
DDCTransactionId566C14F6496530699DD00C97B5690179_23, PutCachedData=, CacheKey=PhysXPC_FULL_5DF9E1AAB7CC4DCCB2965BA1A78DFE8_2EACC095B8BC1860FFD7DBC826B927A0, StartTime=2017.01.20-19.27.25, HierarchicalDDC=, DataSize=1126, Duration=0.081617, RunGuid=RunIDAABC6BDC40704C6EBB41A4A9043F4A10
DDCTransactionId7B76F2C4467101843C540A98735ED83B_29, PutCachedData=, CacheKey=PhysXPC_VIS_5DF9E1AAB7CC4DCCB2965BA1A78DFE8_37A39565463C22C944771E933B722570, StartTime=2017.01.20-19.27.25, HierarchicalDDC=, DataSize=1126, Duration=0.070173, RunGuid=RunIDAABC6BDC40704C6EBB41A4A9043F4A10
DDCTransactionId7B76F2C4467101843C540A98735ED83B_30, PutCachedData=, CacheKey=PhysXPC_FULL_5DF9E1AAB7CC4DCCB2965BA1A78DFE8_44D0C280727307105695A6C03C94877A, StartTime=2017.01.20-19.27.25, HierarchicalDDC=, DataSize=1126, Duration=0.346649, RunGuid=RunIDAABC6BDC40704C6EBB41A4A9043F4A10
DDCTransactionId566C14F6496530699DD00C97B5690179_24, PutCachedData=, CacheKey=PhysXPC_VIS_5DF9E1AAB7CC4DCCB2965BA1A78DFE8_BF8D9CFE4E68F5D3AF3CCF916D13FBDC, StartTime=2017.01.20-19.27.25, HierarchicalDDC=, DataSize=1126, Duration=0.319846, RunGuid=RunIDAABC6BDC40704C6EBB41A4A9043F4A10
DDCTransactionId631A4832404C99D303304896A0401755_30, PutCachedData=, CacheKey=PhysXPC_FULL_5DF9E1AAB7CC4DCCB2965BA1A78DFE8_C4E5FCFBEC8F7F5939716933D1C082BA, StartTime=2017.01.20-19.27.25, HierarchicalDDC=, DataSize=1126, Duration=0.250276, RunGuid=RunIDAABC6BDC40704C6EBB41A4A9043F4A10
DDCTransactionId566C14F6496530699DD00C97B5690179_25, PutCachedData=, CacheKey=PhysXPC_VIS_5DF9E1AAB7CC4DCCB2965BA1A78DFE8_F8D620D24A9CDB6AF16457AE3940C05B, StartTime=2017.01.20-19.27.25, HierarchicalDDC=, DataSize=1126, Duration=0.061437, RunGuid=RunIDAABC6BDC40704C6EBB41A4A9043F4A10
DDCTransactionId7B76F2C4467101843C540A98735ED83B_31, PutCachedData=, CacheKey=PhysXPC_FULL_5DF9E1AAB7CC4DCCB2965BA1A78DFE8_2A8CBB5F431B5DF51A720F16C5D0EE84, StartTime=2017.01.20-19.27.25, HierarchicalDDC=, DataSize=1126, Duration=0.298463, RunGuid=RunIDAABC6BDC40704C6EBB41A4A9043F4A10
DDCTransactionId631A4832404C99D303304896A0401755_31, PutCachedData=, CacheKey=PhysXPC_VIS_5DF9E1AAB7CC4DCCB2965BA1A78DFE8_AA3C38D144AC33EFCAA7268EE84E8E91, StartTime=2017.01.20-19.27.25, HierarchicalDDC=, DataSize=1126, Duration=0.089750, RunGuid=RunIDAABC6BDC40704C6EBB41A4A9043F4A10
DDCTransactionId566C14F6496530699DD00C97B5690179_26, PutCachedData=, CacheKey=PhysXPC_FULL_5DF9E1AAB7CC4DCCB2965BA1A78DFE8_14C30E39FE3F076C51755FC3A6882242, StartTime=2017.01.20-19.27.25, HierarchicalDDC=, DataSize=1126, Duration=0.071079, RunGuid=RunIDAABC6BDC40704C6EBB41A4A9043F4A10
DDCTransactionId631A4832404C99D303304896A0401755_32, PutCachedData=, CacheKey=PhysXPC_VIS_5DF9E1AAB7CC4DCCB2965BA1A78DFE8_1DA42BC844EDF68C77E870908A927D67, StartTime=2017.01.20-19.27.25, HierarchicalDDC=, DataSize=1126, Duration=0.112038, RunGuid=RunIDAABC6BDC40704C6EBB41A4A9043F4A10
DDCTransactionId566C14F6496530699DD00C97B5690179_27, PutCachedData=, CacheKey=PhysXPC_FULL_5DF9E1AAB7CC4DCCB2965BA1A78DFE8_B5C805E15EEED8F2528EFF8884E1EA53, StartTime=2017.01.20-19.27.25, HierarchicalDDC=, DataSize=1126, Duration=0.062943, RunGuid=RunIDAABC6BDC40704C6EBB41A4A9043F4A10
DDCTransactionId631A4832404C99D303304896A0401755_33, PutCachedData=, CacheKey=PhysXPC_VIS_5DF9E1AAB7CC4DCCB2965BA1A78DFE8_EE16812548705B53D7437B9D878E0A0D, StartTime=2017.01.20-19.27.25, HierarchicalDDC=, DataSize=1126, Duration=0.402369, RunGuid=RunIDAABC6BDC40704C6EBB41A4A9043F4A10
DDCTransactionId566C14F6496530699DD00C97B5690179_28, PutCachedData=, CacheKey=PhysXPC_FULL_5DF9E1AAB7CC4DCCB2965BA1A78DFE8_D549BD564265BFF16425EBC23E02B8A6, StartTime=2017.01.20-19.27.25, HierarchicalDDC=, DataSize=1126, Duration=0.368934, RunGuid=RunIDAABC6BDC40704C6EBB41A4A9043F4A10
DDCTransactionId7B76F2C4467101843C540A98735ED83B_32, PutCachedData=, CacheKey=PhysXPC_VIS_5DF9E1AAB7CC4DCCB2965BA1A78DFE8_FC6A5FE64AF4E53DCDC19C848A66B9C7, StartTime=2017.01.20-19.27.25, HierarchicalDDC=, DataSize=1126, Duration=0.340629, RunGuid=RunIDAABC6BDC40704C6EBB41A4A9043F4A10
DDCTransactionId7B76F2C4467101843C540A98735ED83B_33, PutCachedData=, CacheKey=PhysXPC_FULL_5DF9E1AAB7CC4DCCB2965BA1A78DFE8_322E8B77FB491D01BDF3D3AF48E8A388, StartTime=2017.01.20-19.27.25, HierarchicalDDC=, DataSize=1126, Duration=0.107821, RunGuid=RunIDAABC6BDC40704C6EBB41A4A9043F4A10
DDCTransactionId566C14F6496530699DD00C97B5690179_29, PutCachedData=, CacheKey=PhysXPC_VIS_5DF9E1AAB7CC4DCCB2965BA1A78DFE8_1C6FA1674AF5BDBF1FA44BA7910AE7CF, StartTime=2017.01.20-19.27.25, HierarchicalDDC=, DataSize=1126, Duration=0.121973, RunGuid=RunIDAABC6BDC40704C6EBB41A4A9043F4A10
